{
  "sigma": 0.06,
  "variance_law_mean_rel_error_pct_linear": 17.1264377839159,
  "variance_law_mean_rel_error_pct_boltzmann": 8.003474421228555,
  "table_a_meq_alpha_varmeas_varlin_varbz_actime_invalpha": [
    [
      1.0,
      0.0,
      1.0,
      0.0016856377076162614,
      0.0018,
      0.0017904169394581402,
      0.9352563871832823,
      1.0
    ],
    [
      0.6,
      0.0,
      0.6,
      0.002761502350990233,
      0.003,
      0.002956696965689872,
      1.5333702671939315,
      1.6666666666666667
    ],
    [
      0.4,
      0.0,
      0.4,
      0.004048079180204413,
      0.0045,
      0.004360179473354058,
      2.2485126944292633,
      2.5
    ],
    [
      0.25,
      0.0,
      0.25,
      0.006146706107582068,
      0.0072,
      0.006685800889479791,
      3.4149031255502824,
      4.0
    ],
    [
      0.15,
      0.0,
      0.15,
      0.009164659555901877,
      0.012,
      0.01011697179147973,
      5.092180029707471,
      6.666666666666667
    ],
    [
      0.08,
      0.0,
      0.08,
      0.013464980859551468,
      0.0225,
      0.01511773938361373,
      7.481706565351986,
      12.5
    ]
  ],
  "lyapunov_exponents": {
    "well_+sqrt": -2.0,
    "well_-sqrt": -2.0,
    "barrier_top_m=0": 1.0
  },
  "JS_divergence_vs_boltzmann_nats": 0.0006243590603085142
}